site,ar,he,fis,avg_bee,num_clump,num_flwrstem,germrate,popsize
PA1C,1.22,0.22,0.04,0.9,188.3,353.3,89.61111111,269
PA1S,1.17,0.17,0.14,1.666,127.6,1000,86.85714286,524
PA4C,1.28,0.28,-0.1,1.567,264.6,1221,80.6875,743
PA4NE,1.3,0.3,0.15,0.222,16,36.6,89.2,35
PA3NE,1.34,0.33,-0.26,0.19,60.3,22.6,79.2,20
PA2C,1.21,0.21,0.01,1.25,203.3,810,81.25,565
